{
  "id": "",
  "name": "",
  "font_family": "iconfont",
  "css_prefix_text": "icon-",
  "description": "",
  "glyphs": [
    {
      "icon_id": "109614613",
      "name": "雷电-天气",
      "font_class": "leidian",
      "unicode": "e61e",
      "unicode_decimal": 58910
    },
    {
      "icon_id": "109614614",
      "name": "雪-天气",
      "font_class": "xue",
      "unicode": "e623",
      "unicode_decimal": 58915
    },
    {
      "icon_id": "109614615",
      "name": "阴天-天气",
      "font_class": "yintian",
      "unicode": "e624",
      "unicode_decimal": 58916
    },
    {
      "icon_id": "109614616",
      "name": "天气",
      "font_class": "tianqi",
      "unicode": "e618",
      "unicode_decimal": 58904
    },
    {
      "icon_id": "109614617",
      "name": "天气-晴",
      "font_class": "tianqi-qing",
      "unicode": "e67b",
      "unicode_decimal": 59003
    },
    {
      "icon_id": "109614618",
      "name": "天气-雨",
      "font_class": "tianqi-yu",
      "unicode": "e682",
      "unicode_decimal": 59010
    },
    {
      "icon_id": "109614619",
      "name": "阴",
      "font_class": "weather-3",
      "unicode": "e6e5",
      "unicode_decimal": 59109
    },
    {
      "icon_id": "109614620",
      "name": "中雨",
      "font_class": "weather-9",
      "unicode": "e6e6",
      "unicode_decimal": 59110
    },
    {
      "icon_id": "109614621",
      "name": "大暴雨",
      "font_class": "weather-12",
      "unicode": "e6e7",
      "unicode_decimal": 59111
    },
    {
      "icon_id": "109614622",
      "name": "雷阵雨",
      "font_class": "weather-5",
      "unicode": "e6e8",
      "unicode_decimal": 59112
    },
    {
      "icon_id": "109614623",
      "name": "特大暴雨",
      "font_class": "weather-13",
      "unicode": "e6e9",
      "unicode_decimal": 59113
    },
    {
      "icon_id": "109614624",
      "name": "阵雨",
      "font_class": "weather-4",
      "unicode": "e6ea",
      "unicode_decimal": 59114
    },
    {
      "icon_id": "109614625",
      "name": "小雪",
      "font_class": "weather-15",
      "unicode": "e6eb",
      "unicode_decimal": 59115
    },
    {
      "icon_id": "109614626",
      "name": "冰雹",
      "font_class": "hail",
      "unicode": "e6ec",
      "unicode_decimal": 59116
    },
    {
      "icon_id": "109614627",
      "name": "大雪",
      "font_class": "weather-17",
      "unicode": "e6ed",
      "unicode_decimal": 59117
    },
    {
      "icon_id": "109614628",
      "name": "中雪",
      "font_class": "weather-16",
      "unicode": "e6ee",
      "unicode_decimal": 59118
    },
    {
      "icon_id": "109614629",
      "name": "雨夹雪",
      "font_class": "weather-7",
      "unicode": "e6ef",
      "unicode_decimal": 59119
    },
    {
      "icon_id": "109614630",
      "name": "雾",
      "font_class": "weather-19",
      "unicode": "e6f0",
      "unicode_decimal": 59120
    },
    {
      "icon_id": "109614631",
      "name": "暴雪",
      "font_class": "weather-18",
      "unicode": "e6f1",
      "unicode_decimal": 59121
    },
    {
      "icon_id": "109614632",
      "name": "沙尘暴",
      "font_class": "weather-21",
      "unicode": "e6f2",
      "unicode_decimal": 59122
    },
    {
      "icon_id": "109614633",
      "name": "摄氏度",
      "font_class": "centigrade",
      "unicode": "e6f3",
      "unicode_decimal": 59123
    },
    {
      "icon_id": "109614634",
      "name": "冻雨",
      "font_class": "weather-20",
      "unicode": "e6f4",
      "unicode_decimal": 59124
    },
    {
      "icon_id": "109614635",
      "name": "湿度",
      "font_class": "humidity",
      "unicode": "e6f7",
      "unicode_decimal": 59127
    },
    {
      "icon_id": "1718358",
      "name": "左箭头",
      "font_class": "zuojiantou",
      "unicode": "f0350",
      "unicode_decimal": 983888
    },
    {
      "icon_id": "11761420",
      "name": "天气预报",
      "font_class": "tianqiyubao",
      "unicode": "e71c",
      "unicode_decimal": 59164
    }
  ]
}
